{"cameraMode":{"drawMode":0,"name":"Shaded","section":"Shading Mode"},"sceneLighting":true,"audioPlay":false,"sceneViewState":{"m_AlwaysRefresh":false,"showFog":true,"showSkybox":true,"showFlares":true,"showImageEffects":true,"showParticleSystems":true,"showVisualEffectGraphs":true,"m_FxEnabled":true},"in2DMode":false,"pivot":{"x":-40.52662658691406,"y":0.015852278098464013,"z":19.397727966308595},"rotation":{"x":-0.07965899258852005,"y":0.47407829761505129,"z":-0.04498771205544472,"w":-0.8767566084861755},"size":5.186628818511963,"orthographic":false}